city,year_month,avg_temp_c,min_temp_c,max_temp_c,total_rain_mm,avg_humidity_pct,avg_cloud_cover_pct,avg_wind_speed_kmh
Chittagong,2015-12,18.88,16.4,24.3,0.0,85.63,59.42,7.14
Chittagong,2016-01,18.98,12.9,25.5,5.4,78.18,29.32,12.45
Chittagong,2016-02,23.36,15.5,30.4,22.6,77.95,33.05,13.75
Chittagong,2016-03,26.92,21.3,33.3,45.3,75.31,47.66,13.57
Chittagong,2016-04,28.57,20.6,32.5,86.3,82.55,46.62,26.8
Chittagong,2016-05,28.47,22.4,34.6,317.2,82.42,48.71,18.02
Chittagong,2016-06,28.3,24.8,32.5,352.3,85.29,84.62,19.11
Chittagong,2016-07,27.64,25.1,31.3,711.6,88.1,95.14,24.02
Chittagong,2016-08,28.01,24.8,31.7,532.2,86.77,87.6,21.54
Chittagong,2016-09,28.18,25.9,32.0,267.1,86.19,90.67,15.69
Chittagong,2016-10,27.81,24.4,32.7,304.5,83.91,60.81,12.13
Chittagong,2016-11,24.1,19.0,32.1,121.7,80.72,25.66,10.01
Chittagong,2016-12,21.68,17.1,28.9,0.0,81.31,21.92,10.93
Chittagong,2017-01,20.01,13.5,27.4,0.0,73.77,7.29,16.89
Chittagong,2017-02,22.63,16.0,29.4,2.3,72.43,7.59,15.03
Chittagong,2017-03,24.39,18.2,29.7,118.6,78.31,34.47,15.07
Chittagong,2017-04,27.2,22.8,32.9,138.7,82.56,42.16,21.55
Chittagong,2017-05,29.05,24.6,34.8,127.1,81.29,36.34,15.47
Chittagong,2017-06,27.99,24.9,32.8,561.8,87.09,91.63,23.94
Chittagong,2017-07,27.58,25.2,32.2,648.0,88.93,94.32,25.02
Chittagong,2017-08,27.98,25.9,31.2,442.5,87.47,93.01,20.49
Chittagong,2017-09,27.96,25.5,32.9,417.3,88.01,89.32,14.89
Chittagong,2017-10,27.37,21.4,32.9,275.5,84.39,58.9,13.12
Chittagong,2017-11,25.06,18.7,31.3,26.1,80.62,25.51,11.79
Chittagong,2017-12,21.51,16.9,27.8,41.9,83.44,38.71,12.25
Chittagong,2018-01,18.58,12.8,25.2,14.9,77.46,19.09,13.59
Chittagong,2018-02,22.31,16.4,29.9,0.5,75.87,32.14,13.0
Chittagong,2018-03,26.08,19.9,31.7,7.8,77.15,20.86,13.73
Chittagong,2018-04,27.67,23.0,32.8,67.5,77.09,37.34,13.54
Chittagong,2018-05,27.56,23.1,32.6,218.7,83.39,51.37,16.51
Chittagong,2018-06,28.06,25.7,31.9,901.4,86.98,87.79,22.03
Chittagong,2018-07,27.89,25.6,32.3,444.5,87.61,96.89,25.24
Chittagong,2018-08,28.21,25.4,32.3,258.0,85.61,94.66,22.18
Chittagong,2018-09,28.44,25.7,33.5,174.9,84.85,77.28,14.74
Chittagong,2018-10,26.65,23.0,32.3,309.4,82.27,43.46,12.14
Chittagong,2018-11,23.73,17.9,29.7,0.6,78.97,27.59,9.53
Chittagong,2018-12,20.66,13.8,27.0,5.2,76.24,26.06,15.01
Chittagong,2019-01,19.84,14.8,28.3,0.2,73.87,9.36,13.84
Chittagong,2019-02,22.24,15.9,29.3,15.4,72.52,20.19,15.11
Chittagong,2019-03,25.5,17.3,33.0,42.2,74.54,23.5,13.69
Chittagong,2019-04,28.78,20.7,36.5,59.5,74.04,29.23,15.81
Chittagong,2019-05,29.6,25.1,34.1,116.2,79.89,34.76,20.08
Chittagong,2019-06,28.98,25.5,33.0,203.4,84.43,80.0,19.11
Chittagong,2019-07,27.87,24.3,31.7,716.2,88.48,91.85,27.02
Chittagong,2019-08,28.34,26.1,32.2,315.7,86.86,90.13,20.32
Chittagong,2019-09,28.23,25.0,33.0,380.1,85.94,88.9,17.5
Chittagong,2019-10,27.75,24.7,33.0,169.2,84.57,49.09,10.22
Chittagong,2019-11,24.99,19.9,31.1,56.2,80.61,22.5,12.17
Chittagong,2019-12,20.45,15.3,28.5,1.7,78.02,24.24,13.93
Chittagong,2020-01,19.19,13.7,26.9,25.8,80.28,22.55,13.89
Chittagong,2020-02,20.75,13.6,29.0,1.8,71.62,20.46,14.92
Chittagong,2020-03,25.66,18.8,33.6,0.0,69.68,22.71,13.49
Chittagong,2020-04,27.45,22.1,32.7,140.7,80.5,44.95,13.61
Chittagong,2020-05,28.5,24.0,34.4,173.1,81.35,44.43,17.74
Chittagong,2020-06,28.21,25.9,31.6,481.5,87.75,89.86,21.2
Chittagong,2020-07,28.11,25.9,31.5,491.2,88.27,95.22,22.61
Chittagong,2020-08,28.11,25.8,32.6,628.1,87.7,94.36,24.79
Chittagong,2020-09,28.49,26.1,34.1,353.0,86.87,87.5,16.19
Chittagong,2020-10,28.46,25.2,33.4,243.0,85.0,63.35,12.5
Chittagong,2020-11,24.95,18.7,31.5,49.7,80.73,30.58,12.08
Chittagong,2020-12,20.46,14.8,28.8,0.0,79.16,7.79,13.14
Chittagong,2021-01,20.09,14.9,28.4,1.0,76.08,9.79,13.83
Chittagong,2021-02,21.67,12.3,29.9,0.0,71.46,12.74,16.26
Chittagong,2021-03,26.81,21.4,34.7,0.9,70.72,27.9,16.86
Chittagong,2021-04,28.65,23.5,35.8,7.7,76.02,22.9,15.85
Chittagong,2021-05,29.38,23.9,35.5,80.9,76.41,42.78,16.04
Chittagong,2021-06,27.67,25.1,31.5,619.5,87.83,87.91,23.41
Chittagong,2021-07,28.02,25.4,32.1,722.4,87.51,96.64,22.2
Chittagong,2021-08,27.93,25.3,31.3,417.0,87.55,93.24,19.79
Chittagong,2021-09,28.42,25.6,32.5,260.4,84.14,85.02,14.41
Chittagong,2021-10,28.42,24.9,34.0,220.0,82.31,53.75,11.19
Chittagong,2021-11,24.87,19.0,30.9,15.9,74.55,24.1,14.84
Chittagong,2021-12,21.46,15.4,29.3,58.1,78.79,31.12,14.6
Chittagong,2022-01,19.99,13.4,27.1,10.3,76.32,25.28,14.36
Chittagong,2022-02,20.77,13.7,30.2,25.2,69.75,8.8,14.93
Chittagong,2022-03,26.1,19.2,32.6,15.9,71.0,22.9,17.48
Chittagong,2022-04,28.36,22.8,32.2,30.6,80.68,33.17,19.67
Chittagong,2022-05,28.22,24.2,32.9,378.8,83.42,60.78,17.14
Chittagong,2022-06,27.8,24.9,31.5,345.6,86.86,92.29,24.37
Chittagong,2022-07,28.79,26.0,32.5,182.2,82.73,80.87,19.14
Chittagong,2022-08,28.7,25.7,34.4,240.2,83.49,80.18,19.88
Chittagong,2022-09,28.29,25.3,33.1,410.5,85.61,84.73,14.13
Chittagong,2022-10,28.04,22.5,32.8,171.8,81.41,42.96,12.59
Chittagong,2022-11,25.35,19.5,32.1,1.2,76.1,19.26,12.55
Chittagong,2022-12,21.82,15.0,29.7,7.7,75.9,19.96,12.87
Chittagong,2023-01,20.2,14.2,27.9,0.1,74.05,7.04,15.48
Chittagong,2023-02,22.71,15.9,31.0,0.4,72.79,13.81,13.48
Chittagong,2023-03,25.7,20.1,33.6,63.1,72.99,41.56,13.97
Chittagong,2023-04,28.75,21.6,35.0,27.9,74.76,28.88,15.3
Chittagong,2023-05,28.9,22.7,36.3,155.2,77.98,45.38,15.97
Chittagong,2023-06,28.55,25.8,33.5,382.9,85.99,78.91,23.2
Chittagong,2023-07,28.93,26.3,32.7,225.4,84.07,89.1,23.1
Chittagong,2023-08,27.91,26.0,31.7,823.9,89.37,95.61,21.87
Chittagong,2023-09,28.6,25.7,33.5,299.7,86.21,86.4,17.09
Chittagong,2023-10,27.69,23.2,32.4,148.4,82.68,45.73,14.65
Chittagong,2023-11,25.48,20.8,32.5,101.7,80.59,40.22,11.88
Chittagong,2023-12,22.18,16.6,29.4,13.1,80.25,38.77,12.15
Chittagong,2024-01,18.96,13.4,26.0,6.4,77.42,23.08,14.57
Chittagong,2024-02,22.15,15.6,29.8,4.2,72.65,30.05,14.59
Chittagong,2024-03,25.57,18.7,32.3,15.3,70.57,23.59,15.68
Chittagong,2024-04,29.74,25.2,35.4,9.4,76.75,35.97,21.59
Chittagong,2024-05,29.51,22.8,35.7,293.9,79.58,50.13,19.28
Chittagong,2024-06,28.95,26.1,33.2,339.3,86.4,86.43,23.74
Chittagong,2024-07,28.48,26.3,32.6,727.8,87.26,96.87,26.11
Chittagong,2024-08,27.48,25.3,32.1,1005.7,90.2,94.5,25.56
Chittagong,2024-09,28.69,25.6,34.1,438.2,85.66,85.32,15.92
Chittagong,2024-10,28.32,25.5,32.7,211.8,83.01,53.13,11.36
Chittagong,2024-11,25.77,19.6,31.8,4.6,73.68,25.37,10.65
Chittagong,2024-12,21.56,16.2,29.1,1.7,72.79,36.35,15.47
Chittagong,2025-01,20.18,15.4,27.3,0.3,78.21,13.83,13.29
Chittagong,2025-02,22.98,15.2,30.2,2.9,72.97,14.75,12.34
Chittagong,2025-03,26.56,19.4,32.4,0.5,74.11,18.23,15.88
Chittagong,2025-04,28.16,23.8,33.7,81.6,78.54,34.56,15.54
Chittagong,2025-05,28.89,24.3,34.8,395.8,81.21,53.58,16.83
Chittagong,2025-06,28.11,24.1,32.5,658.8,86.92,86.44,23.47
Chittagong,2025-07,27.76,25.5,31.7,701.0,89.22,96.28,25.07
Chittagong,2025-08,27.86,25.6,31.2,463.9,87.55,93.63,20.74
Chittagong,2025-09,28.55,25.5,32.9,328.7,85.4,87.06,13.1
Chittagong,2025-10,28.29,24.9,33.0,148.5,83.72,44.97,10.15
Chittagong,2025-11,24.86,18.8,31.1,41.4,77.97,22.58,11.74
Chittagong,2025-12,20.62,14.2,28.1,0.0,79.68,26.34,10.84
Chittagong,2026-01,17.17,14.5,22.3,0.0,82.67,11.75,13.86
Dhaka,2015-12,17.91,13.4,25.7,0.0,83.38,52.75,8.57
Dhaka,2016-01,17.61,9.5,26.8,4.4,80.51,33.96,10.32
Dhaka,2016-02,22.99,11.7,34.0,34.2,77.39,35.25,10.34
Dhaka,2016-03,26.44,17.3,34.4,120.6,73.79,39.16,13.01
Dhaka,2016-04,29.85,17.5,38.1,121.2,79.41,47.92,23.13
Dhaka,2016-05,28.27,20.2,36.5,402.2,81.35,54.31,15.37
Dhaka,2016-06,29.4,24.9,34.9,212.2,82.78,80.95,15.78
Dhaka,2016-07,28.54,25.1,33.7,335.2,86.84,96.77,20.9
Dhaka,2016-08,29.27,24.3,35.2,221.2,83.02,84.92,19.1
Dhaka,2016-09,29.03,25.8,34.8,226.0,84.71,91.6,12.92
Dhaka,2016-10,28.08,22.1,34.3,130.0,83.73,54.41,10.82
Dhaka,2016-11,23.63,16.6,33.4,56.2,81.2,29.39,8.48
Dhaka,2016-12,20.37,13.9,29.5,0.0,80.99,25.19,10.69
Dhaka,2017-01,18.34,8.6,29.3,0.3,76.97,10.07,14.39
Dhaka,2017-02,21.78,12.4,31.1,2.4,71.68,9.74,13.1
Dhaka,2017-03,24.31,14.8,33.0,88.3,75.06,39.06,13.38
Dhaka,2017-04,27.47,19.9,34.2,330.1,80.89,51.15,18.79
Dhaka,2017-05,29.09,22.3,35.4,256.1,82.08,46.57,12.86
Dhaka,2017-06,28.88,24.2,35.9,480.5,85.06,89.83,19.08
Dhaka,2017-07,28.61,24.9,34.5,375.1,86.65,95.2,19.66
Dhaka,2017-08,29.16,26.1,33.8,344.9,85.02,94.64,16.13
Dhaka,2017-09,29.02,25.3,35.7,307.3,85.72,86.38,13.05
Dhaka,2017-10,27.6,19.0,34.6,214.4,84.15,49.71,12.81
Dhaka,2017-11,23.82,15.6,32.6,5.9,78.43,21.54,12.21
Dhaka,2017-12,20.12,14.2,28.6,111.5,85.13,42.71,9.06
Dhaka,2018-01,16.6,9.1,26.1,0.0,80.87,21.27,12.36
Dhaka,2018-02,21.9,13.2,32.7,5.4,74.39,34.54,10.7
Dhaka,2018-03,26.08,16.1,34.1,50.3,72.27,20.66,12.42
Dhaka,2018-04,26.73,20.3,33.9,186.0,80.16,44.69,11.61
Dhaka,2018-05,27.3,19.9,34.9,411.2,83.3,60.66,15.6
Dhaka,2018-06,29.19,24.9,35.4,304.0,83.97,81.01,16.63
Dhaka,2018-07,29.04,25.8,36.7,260.5,84.94,97.22,20.83
Dhaka,2018-08,29.47,26.0,35.8,139.8,83.04,95.87,18.29
Dhaka,2018-09,29.39,25.6,35.7,126.7,82.74,74.47,14.29
Dhaka,2018-10,26.81,20.3,35.7,113.6,81.11,36.13,10.19
Dhaka,2018-11,23.57,15.4,31.9,2.2,78.17,22.9,8.4
Dhaka,2018-12,19.26,10.8,28.0,30.9,77.27,30.5,12.75
Dhaka,2019-01,18.78,10.3,29.3,0.0,73.29,7.93,12.97
Dhaka,2019-02,21.66,13.1,32.6,33.7,69.96,29.64,12.75
Dhaka,2019-03,25.83,12.9,35.6,33.5,67.95,31.03,13.04
Dhaka,2019-04,27.74,19.5,36.1,187.4,79.77,45.16,12.98
Dhaka,2019-05,29.87,23.7,36.1,213.4,80.24,44.15,19.97
Dhaka,2019-06,29.6,24.3,36.0,329.3,83.47,76.89,16.63
Dhaka,2019-07,29.16,24.8,35.8,245.7,84.87,90.34,21.32
Dhaka,2019-08,29.61,26.2,36.0,208.7,83.6,87.48,17.51
Dhaka,2019-09,28.92,24.4,36.6,185.7,84.43,88.08,15.12
Dhaka,2019-10,27.28,21.7,33.9,183.1,84.49,50.65,9.99
Dhaka,2019-11,24.11,17.3,31.5,94.9,83.63,32.17,8.76
Dhaka,2019-12,18.37,10.7,29.4,7.8,83.19,30.81,11.81
Dhaka,2020-01,17.47,9.9,28.1,8.6,83.03,30.01,10.91
Dhaka,2020-02,19.8,9.7,30.0,16.9,73.09,22.47,12.22
Dhaka,2020-03,24.62,15.7,34.9,26.5,71.08,30.76,10.82
Dhaka,2020-04,26.79,18.8,36.5,284.2,79.23,45.85,12.84
Dhaka,2020-05,28.31,21.4,35.1,211.5,81.99,51.47,15.52
Dhaka,2020-06,29.02,25.2,35.2,377.2,85.5,86.1,19.0
Dhaka,2020-07,29.2,26.0,34.4,348.5,85.93,96.62,19.13
Dhaka,2020-08,29.36,26.0,35.8,239.4,84.56,92.67,19.81
Dhaka,2020-09,29.35,26.2,35.9,227.5,84.72,86.74,15.11
Dhaka,2020-10,28.85,23.9,35.0,197.6,85.01,56.54,10.11
Dhaka,2020-11,23.9,14.6,32.5,15.9,79.05,26.01,10.95
Dhaka,2020-12,18.81,9.8,29.7,0.0,82.08,16.58,10.57
Dhaka,2021-01,17.98,9.6,29.1,4.6,81.44,15.92,11.5
Dhaka,2021-02,20.89,8.7,33.5,1.3,73.53,15.03,12.67
Dhaka,2021-03,26.91,18.6,35.8,9.4,70.24,22.78,11.62
Dhaka,2021-04,29.6,20.0,38.2,16.9,67.79,28.06,13.63
Dhaka,2021-05,28.99,22.6,36.6,248.4,78.16,48.28,13.73
Dhaka,2021-06,28.25,24.4,35.1,432.9,86.4,88.26,20.19
Dhaka,2021-07,29.1,24.6,35.0,327.4,84.49,96.01,18.39
Dhaka,2021-08,29.04,26.1,34.7,299.3,85.42,94.13,16.68
Dhaka,2021-09,29.24,25.6,35.6,203.9,82.79,84.99,12.74
Dhaka,2021-10,28.52,22.3,36.2,124.7,82.34,47.49,10.71
Dhaka,2021-11,23.2,14.9,31.1,6.1,77.81,25.66,10.36
Dhaka,2021-12,19.83,12.9,30.0,113.0,81.56,36.59,11.49
Dhaka,2022-01,18.2,9.9,27.6,16.8,80.73,30.74,12.32
Dhaka,2022-02,19.58,11.0,30.2,30.3,74.67,19.21,13.26
Dhaka,2022-03,26.59,16.0,35.5,9.5,68.33,22.3,15.28
Dhaka,2022-04,29.42,21.0,35.9,91.2,76.56,41.92,20.56
Dhaka,2022-05,28.65,22.9,35.2,307.6,81.07,53.02,15.55
Dhaka,2022-06,28.81,24.6,33.7,341.0,84.84,91.94,21.38
Dhaka,2022-07,29.83,26.0,34.6,118.6,80.85,79.68,16.67
Dhaka,2022-08,29.71,25.8,36.1,115.8,80.81,80.9,17.41
Dhaka,2022-09,29.09,25.0,35.2,272.8,83.95,84.66,12.79
Dhaka,2022-10,27.63,20.2,34.2,155.8,81.13,42.08,12.14
Dhaka,2022-11,23.99,16.2,33.0,0.4,77.33,23.14,11.16
Dhaka,2022-12,19.97,12.8,30.0,1.2,80.47,20.59,10.68
Dhaka,2023-01,18.07,10.1,28.4,0.2,80.43,11.78,11.99
Dhaka,2023-02,21.99,12.0,32.0,1.7,74.03,18.73,12.35
Dhaka,2023-03,25.21,17.6,33.9,79.6,73.71,38.66,11.72
Dhaka,2023-04,29.37,21.2,39.5,32.9,68.0,35.37,12.96
Dhaka,2023-05,29.26,21.2,40.2,229.0,73.35,42.98,14.36
Dhaka,2023-06,29.58,24.8,37.9,202.3,83.2,77.96,20.23
Dhaka,2023-07,29.91,25.8,35.9,197.9,82.22,90.51,19.07
Dhaka,2023-08,29.11,26.2,35.3,417.4,86.07,94.55,16.68
Dhaka,2023-09,29.68,25.9,36.0,182.1,83.62,85.38,14.47
Dhaka,2023-10,27.68,21.1,33.8,165.1,82.81,43.78,12.49
Dhaka,2023-11,24.47,16.9,34.1,127.9,79.08,30.98,10.84
Dhaka,2023-12,20.37,12.9,30.3,50.1,83.25,41.68,10.51
Dhaka,2024-01,16.68,10.1,25.9,1.6,84.6,30.99,11.26
Dhaka,2024-02,21.16,11.9,30.4,22.2,75.58,30.12,12.32
Dhaka,2024-03,24.71,15.0,33.4,76.3,74.7,31.49,11.82
Dhaka,2024-04,30.39,22.8,38.7,22.3,74.17,34.27,17.83
Dhaka,2024-05,29.71,21.2,38.7,458.6,77.92,49.48,17.61
Dhaka,2024-06,30.08,26.1,36.3,182.1,83.59,79.94,20.42
Dhaka,2024-07,29.73,26.2,36.5,238.4,84.29,95.67,20.74
Dhaka,2024-08,28.53,25.5,34.7,525.8,87.4,94.35,19.63
Dhaka,2024-09,29.67,25.4,37.5,351.0,83.96,83.66,14.99
Dhaka,2024-10,28.1,23.3,34.3,208.6,85.51,55.6,10.1
Dhaka,2024-11,24.29,16.3,32.5,5.2,77.87,26.35,10.25
Dhaka,2024-12,19.31,11.8,29.0,0.5,78.86,28.52,11.73
Dhaka,2025-01,18.55,11.7,28.1,3.8,81.87,24.13,11.89
Dhaka,2025-02,21.96,12.5,30.5,6.5,75.6,18.76,10.77
Dhaka,2025-03,26.61,16.2,37.0,9.8,69.3,20.23,14.32
Dhaka,2025-04,28.58,21.0,35.6,156.6,75.06,41.21,15.08
Dhaka,2025-05,29.01,22.3,37.6,309.4,81.04,58.68,15.23
Dhaka,2025-06,29.21,25.0,35.8,349.8,84.16,79.54,18.43
Dhaka,2025-07,28.77,25.6,35.8,456.3,86.72,93.72,19.81
Dhaka,2025-08,28.83,25.8,34.1,310.2,85.36,95.11,17.86
Dhaka,2025-09,29.59,25.5,36.3,172.0,83.21,83.82,12.16
Dhaka,2025-10,28.43,24.0,34.5,145.8,82.42,45.09,9.63
Dhaka,2025-11,23.95,15.8,32.0,6.9,75.96,20.12,11.31
Dhaka,2025-12,19.16,12.6,29.0,0.0,79.37,37.28,12.15
Dhaka,2026-01,15.58,11.5,22.1,0.0,86.54,0.96,9.88
Rajshahi,2015-12,18.02,13.0,25.6,0.0,79.04,30.08,8.55
Rajshahi,2016-01,17.17,8.9,26.9,15.4,79.54,27.33,10.39
Rajshahi,2016-02,22.45,11.5,33.3,15.8,74.09,28.62,10.78
Rajshahi,2016-03,26.88,17.4,36.8,33.1,64.42,34.4,13.85
Rajshahi,2016-04,30.69,18.6,40.4,87.3,64.76,30.17,18.4
Rajshahi,2016-05,28.82,22.4,38.5,274.0,77.94,43.38,14.77
Rajshahi,2016-06,30.11,24.2,35.8,149.9,80.3,71.86,16.06
Rajshahi,2016-07,28.97,26.0,33.8,316.1,86.9,97.3,18.38
Rajshahi,2016-08,29.62,24.2,35.7,204.0,83.62,81.08,18.96
Rajshahi,2016-09,29.07,25.2,34.4,232.1,85.45,92.88,11.56
Rajshahi,2016-10,28.0,21.8,35.1,71.3,81.39,42.51,10.71
Rajshahi,2016-11,23.4,15.3,33.4,1.5,77.1,29.49,11.1
Rajshahi,2016-12,19.41,11.9,29.0,0.3,81.86,22.23,14.23
Rajshahi,2017-01,17.78,8.5,28.4,2.9,77.47,14.42,13.92
Rajshahi,2017-02,21.52,12.9,32.7,0.0,69.55,10.44,11.72
Rajshahi,2017-03,24.7,15.1,34.7,28.7,70.22,30.29,13.28
Rajshahi,2017-04,28.43,20.5,37.7,112.7,72.9,42.34,17.99
Rajshahi,2017-05,29.33,20.9,36.9,148.8,79.74,47.79,13.27
Rajshahi,2017-06,29.9,24.4,36.9,247.2,82.02,86.38,15.71
Rajshahi,2017-07,28.97,25.6,34.7,367.2,86.82,92.63,16.64
Rajshahi,2017-08,29.52,26.1,34.2,325.5,85.21,93.63,14.7
Rajshahi,2017-09,29.6,25.8,35.3,245.4,84.94,79.01,11.02
Rajshahi,2017-10,27.68,20.3,34.5,212.8,84.73,48.9,13.57
Rajshahi,2017-11,22.94,13.8,32.1,7.8,78.08,21.07,12.57
Rajshahi,2017-12,19.76,13.5,28.2,27.1,81.27,36.68,13.44
Rajshahi,2018-01,15.46,7.5,25.9,0.0,80.27,16.21,12.99
Rajshahi,2018-02,21.6,12.1,32.5,4.6,71.15,32.82,11.31
Rajshahi,2018-03,26.29,16.3,35.1,42.5,64.7,14.7,13.89
Rajshahi,2018-04,27.33,20.5,36.6,147.3,77.44,41.53,14.13
Rajshahi,2018-05,28.21,19.9,35.9,291.9,81.72,56.03,16.47
Rajshahi,2018-06,30.17,24.5,38.2,199.2,80.77,74.81,14.76
Rajshahi,2018-07,29.41,26.0,36.9,307.7,85.27,94.73,18.48
Rajshahi,2018-08,29.83,26.4,35.3,177.1,83.42,94.28,15.87
Rajshahi,2018-09,29.69,25.4,35.4,138.5,82.24,67.03,14.53
Rajshahi,2018-10,27.01,19.5,35.6,41.4,77.5,28.42,10.72
Rajshahi,2018-11,23.46,15.6,33.0,0.1,72.4,18.75,10.71
Rajshahi,2018-12,18.6,9.8,28.0,27.3,73.32,27.0,15.51
Rajshahi,2019-01,18.19,10.0,27.4,0.0,70.97,8.69,14.71
Rajshahi,2019-02,21.11,12.0,32.0,49.1,69.37,29.82,13.0
Rajshahi,2019-03,25.56,12.7,36.2,20.6,62.02,22.0,12.07
Rajshahi,2019-04,28.06,19.2,40.2,85.7,77.06,39.32,14.33
Rajshahi,2019-05,30.68,23.3,39.0,231.4,77.87,40.98,19.14
Rajshahi,2019-06,30.31,22.3,37.4,211.7,81.23,69.23,16.5
Rajshahi,2019-07,29.67,26.1,35.5,215.9,83.73,86.98,18.41
Rajshahi,2019-08,29.95,26.5,36.0,188.9,83.27,85.62,16.13
Rajshahi,2019-09,28.9,24.0,35.8,236.1,85.39,84.77,15.46
Rajshahi,2019-10,26.91,20.0,33.1,173.8,84.02,49.13,9.64
Rajshahi,2019-11,23.76,16.6,31.7,7.1,80.36,26.29,11.92
Rajshahi,2019-12,17.94,10.1,28.6,7.4,80.7,37.93,13.28
Rajshahi,2020-01,17.02,9.9,27.7,20.5,82.2,32.51,11.86
Rajshahi,2020-02,19.28,10.1,29.3,19.8,74.32,25.02,12.1
Rajshahi,2020-03,24.33,16.8,34.8,37.9,71.46,31.08,11.97
Rajshahi,2020-04,27.28,19.4,37.8,151.6,71.23,38.43,13.08
Rajshahi,2020-05,28.28,20.3,37.0,199.0,81.99,48.45,15.37
Rajshahi,2020-06,29.53,24.9,35.8,330.2,85.0,80.48,16.99
Rajshahi,2020-07,29.55,26.2,34.3,356.7,86.4,95.15,16.37
Rajshahi,2020-08,29.93,26.4,35.3,249.1,84.38,90.88,17.85
Rajshahi,2020-09,29.49,25.6,34.9,326.0,85.72,88.02,13.97
Rajshahi,2020-10,28.99,22.9,34.7,48.8,80.99,44.17,10.05
Rajshahi,2020-11,23.62,14.5,33.1,1.0,70.82,19.4,13.39
Rajshahi,2020-12,18.45,9.7,28.8,1.3,79.81,14.94,12.96
Rajshahi,2021-01,17.23,8.3,29.2,0.2,80.18,12.43,12.52
Rajshahi,2021-02,20.88,9.8,34.3,1.1,70.19,14.06,11.61
Rajshahi,2021-03,26.73,16.9,36.8,4.8,64.12,14.64,11.5
Rajshahi,2021-04,29.57,19.7,38.7,38.1,65.75,26.65,15.88
Rajshahi,2021-05,28.78,22.2,37.0,284.3,79.08,54.48,14.39
Rajshahi,2021-06,29.19,24.7,37.1,290.6,84.2,80.63,17.03
Rajshahi,2021-07,29.62,25.0,34.8,292.9,84.36,92.83,16.61
Rajshahi,2021-08,29.4,26.2,35.3,334.1,85.96,93.57,14.22
Rajshahi,2021-09,29.3,25.8,35.2,143.2,83.97,78.35,14.15
Rajshahi,2021-10,28.21,20.1,35.5,85.7,82.05,40.67,12.31
Rajshahi,2021-11,22.82,15.9,30.2,4.5,76.62,25.03,12.05
Rajshahi,2021-12,19.74,11.5,28.6,22.7,76.35,34.22,12.53
Rajshahi,2022-01,17.37,10.1,26.6,20.7,80.99,30.38,13.53
Rajshahi,2022-02,19.27,11.0,29.7,50.6,76.03,21.53,12.81
Rajshahi,2022-03,26.74,17.6,36.1,3.2,67.68,12.95,14.78
Rajshahi,2022-04,30.07,22.5,39.4,50.6,75.72,37.41,17.55
Rajshahi,2022-05,29.16,22.9,35.9,185.9,79.5,48.3,15.9
Rajshahi,2022-06,30.16,25.8,36.6,162.7,80.65,89.11,19.64
Rajshahi,2022-07,30.53,26.5,36.0,99.7,78.49,74.81,17.89
Rajshahi,2022-08,29.88,26.4,36.3,158.9,81.58,80.11,18.34
Rajshahi,2022-09,29.23,25.5,36.1,292.3,85.04,83.54,13.0
Rajshahi,2022-10,27.52,20.6,34.8,111.5,80.61,43.33,13.41
Rajshahi,2022-11,23.08,15.8,31.3,0.0,76.0,19.4,13.27
Rajshahi,2022-12,19.41,12.0,28.7,0.2,79.04,16.7,13.13
Rajshahi,2023-01,17.16,9.6,28.1,0.0,81.29,9.66,13.15
Rajshahi,2023-02,21.61,12.5,32.6,0.0,70.13,8.08,11.84
Rajshahi,2023-03,25.55,17.7,34.7,87.5,70.41,31.98,11.45
Rajshahi,2023-04,29.23,19.9,41.4,47.5,61.33,33.92,12.76
Rajshahi,2023-05,29.56,21.4,39.6,114.4,72.43,35.9,13.91
Rajshahi,2023-06,31.29,26.0,41.1,218.4,74.44,69.2,18.95
Rajshahi,2023-07,30.29,25.9,36.3,189.7,82.81,90.54,17.4
Rajshahi,2023-08,29.64,26.3,35.6,357.0,84.85,93.29,15.84
Rajshahi,2023-09,29.63,25.8,35.5,272.4,85.06,86.27,14.82
Rajshahi,2023-10,27.69,20.6,34.6,120.7,81.18,38.81,11.23
Rajshahi,2023-11,24.27,16.8,32.5,1.7,77.15,23.06,11.37
Rajshahi,2023-12,19.95,12.8,30.0,47.4,80.71,36.53,14.33
Rajshahi,2024-01,15.82,9.2,25.1,2.5,84.42,23.97,11.88
Rajshahi,2024-02,20.56,10.5,29.6,7.2,73.74,24.06,12.58
Rajshahi,2024-03,24.77,14.4,35.6,56.1,70.54,29.43,12.25
Rajshahi,2024-04,31.05,22.8,41.8,2.0,55.1,28.62,15.61
Rajshahi,2024-05,30.03,21.1,40.5,237.3,72.97,49.92,16.72
Rajshahi,2024-06,31.36,26.0,36.7,199.7,80.03,71.99,17.23
Rajshahi,2024-07,30.26,26.5,35.3,231.2,84.56,94.1,17.94
Rajshahi,2024-08,29.37,26.2,35.3,378.4,86.07,90.19,15.14
Rajshahi,2024-09,29.77,25.3,36.4,429.7,84.47,78.88,16.5
Rajshahi,2024-10,28.12,23.0,34.2,118.2,85.17,52.47,11.07
Rajshahi,2024-11,24.12,15.4,32.9,3.8,78.87,23.71,10.53
Rajshahi,2024-12,18.92,12.0,28.2,2.1,78.04,22.8,13.43
Rajshahi,2025-01,17.76,11.1,26.8,0.4,81.84,25.27,12.5
Rajshahi,2025-02,21.4,12.3,30.2,8.7,71.58,9.91,10.46
Rajshahi,2025-03,25.89,14.1,37.4,8.6,63.81,14.68,13.24
Rajshahi,2025-04,28.94,21.5,38.7,135.1,73.11,35.91,15.14
Rajshahi,2025-05,29.5,22.3,40.2,224.6,77.45,53.91,15.51
Rajshahi,2025-06,29.95,24.8,36.5,216.1,81.5,69.55,16.13
Rajshahi,2025-07,29.16,25.6,35.9,323.6,86.49,90.98,17.85
Rajshahi,2025-08,29.11,26.2,34.3,258.4,86.01,94.67,16.16
Rajshahi,2025-09,29.73,26.0,35.3,249.5,83.38,79.2,11.98
Rajshahi,2025-10,28.13,22.9,34.0,86.8,81.18,44.46,12.05
Rajshahi,2025-11,23.27,15.9,31.7,5.9,73.76,19.85,14.17
Rajshahi,2025-12,18.21,11.5,27.1,0.6,77.66,38.05,14.53
Rajshahi,2026-01,15.14,10.6,22.0,0.0,84.42,1.42,10.18
Sylhet,2015-12,18.47,13.2,26.0,0.0,81.0,47.0,4.69
Sylhet,2016-01,16.91,9.3,26.4,21.5,82.59,27.47,5.6
Sylhet,2016-02,21.1,10.2,31.0,43.3,76.83,32.5,6.93
Sylhet,2016-03,24.5,16.7,32.7,157.7,75.74,38.39,7.71
Sylhet,2016-04,25.71,18.6,34.8,1313.5,86.85,76.04,8.76
Sylhet,2016-05,26.63,20.0,34.1,798.2,84.71,66.88,7.44
Sylhet,2016-06,28.87,24.3,35.1,650.2,85.91,85.03,6.19
Sylhet,2016-07,28.08,24.5,34.3,1042.2,89.54,96.47,8.85
Sylhet,2016-08,29.68,25.3,36.1,390.0,83.23,87.61,7.28
Sylhet,2016-09,28.71,25.3,34.3,641.2,87.43,92.81,5.98
Sylhet,2016-10,27.62,19.9,34.6,334.5,84.42,48.72,5.75
Sylhet,2016-11,23.0,14.0,33.7,43.6,82.44,25.47,5.2
Sylhet,2016-12,20.33,12.4,29.6,8.3,76.66,14.01,5.63
Sylhet,2017-01,18.39,8.5,29.3,0.1,77.19,13.69,5.39
Sylhet,2017-02,20.71,11.8,30.5,70.2,75.74,17.25,6.04
Sylhet,2017-03,22.03,12.9,30.0,314.5,82.03,41.92,7.03
Sylhet,2017-04,24.8,18.1,33.2,1446.3,85.34,63.66,8.11
Sylhet,2017-05,27.82,21.6,35.2,444.3,82.83,56.95,7.55
Sylhet,2017-06,28.23,23.5,36.0,1109.2,87.75,91.33,8.71
Sylhet,2017-07,28.66,25.5,35.7,889.6,87.93,93.8,8.83
Sylhet,2017-08,28.69,25.1,34.9,949.1,88.93,95.86,7.49
Sylhet,2017-09,28.42,25.1,35.9,589.8,89.1,89.13,6.63
Sylhet,2017-10,27.1,18.2,35.7,345.9,84.91,53.74,6.99
Sylhet,2017-11,23.58,15.4,32.3,3.4,77.59,20.4,6.18
Sylhet,2017-12,19.93,13.1,27.7,103.2,82.57,41.27,5.49
Sylhet,2018-01,16.69,7.1,25.6,15.5,85.12,30.46,4.9
Sylhet,2018-02,20.43,12.0,30.6,13.6,77.78,33.33,6.65
Sylhet,2018-03,24.11,16.2,32.3,135.4,75.14,22.04,7.23
Sylhet,2018-04,25.47,20.0,32.9,296.3,78.6,55.3,7.12
Sylhet,2018-05,26.2,20.6,34.1,664.8,84.99,70.78,6.87
Sylhet,2018-06,28.41,23.2,35.9,720.6,86.58,86.89,6.64
Sylhet,2018-07,29.05,25.9,37.8,789.6,86.92,98.43,8.08
Sylhet,2018-08,29.29,25.4,37.9,540.4,85.64,97.88,6.68
Sylhet,2018-09,28.8,25.3,35.1,302.3,85.37,76.94,5.79
Sylhet,2018-10,25.83,19.7,33.7,108.8,82.2,36.52,6.21
Sylhet,2018-11,21.91,13.6,31.7,14.1,80.51,18.16,5.44
Sylhet,2018-12,18.89,11.2,28.1,34.1,78.6,29.46,5.36
Sylhet,2019-01,18.3,10.8,28.5,0.6,74.3,8.55,5.76
Sylhet,2019-02,20.31,12.4,30.0,50.4,73.1,36.53,6.81
Sylhet,2019-03,23.36,12.6,33.6,68.4,74.39,29.51,7.6
Sylhet,2019-04,26.0,18.5,34.9,282.2,82.24,48.82,7.34
Sylhet,2019-05,27.56,22.2,34.3,625.7,85.6,62.03,7.15
Sylhet,2019-06,28.86,24.5,35.3,593.0,86.22,82.68,6.67
Sylhet,2019-07,28.52,23.2,35.6,995.1,88.52,91.08,9.33
Sylhet,2019-08,29.94,26.1,37.2,550.5,84.76,89.85,7.33
Sylhet,2019-09,28.65,24.3,37.3,432.5,86.16,87.38,6.49
Sylhet,2019-10,26.9,21.8,33.5,312.4,85.93,52.85,6.0
Sylhet,2019-11,23.58,15.9,31.7,33.3,83.08,28.89,5.06
Sylhet,2019-12,18.27,10.9,29.0,1.8,79.75,22.58,5.83
Sylhet,2020-01,17.54,9.7,27.1,10.5,81.86,32.24,5.65
Sylhet,2020-02,19.58,10.0,30.0,14.5,74.75,30.52,6.48
Sylhet,2020-03,23.86,15.9,34.3,23.1,69.49,28.34,7.86
Sylhet,2020-04,25.78,17.9,35.8,276.6,73.02,46.16,7.79
Sylhet,2020-05,26.87,20.6,34.3,559.2,84.12,61.18,7.79
Sylhet,2020-06,28.06,24.5,35.8,829.7,88.78,89.83,6.63
Sylhet,2020-07,28.4,25.8,33.4,959.9,89.61,98.32,9.08
Sylhet,2020-08,29.41,25.9,36.3,650.9,86.43,92.88,7.17
Sylhet,2020-09,28.57,25.4,36.7,671.2,88.51,89.54,7.13
Sylhet,2020-10,28.34,23.6,35.0,292.1,85.87,50.75,6.39
Sylhet,2020-11,23.73,14.2,32.0,19.8,77.15,25.94,5.56
Sylhet,2020-12,18.5,10.3,29.2,0.5,82.23,16.41,5.02
Sylhet,2021-01,17.71,10.5,27.7,5.0,81.45,12.86,5.43
Sylhet,2021-02,20.34,9.7,30.4,0.0,73.16,14.74,6.17
Sylhet,2021-03,24.58,17.0,34.2,147.5,73.01,24.23,7.78
Sylhet,2021-04,26.62,18.5,35.4,99.1,78.32,32.29,6.58
Sylhet,2021-05,27.45,21.7,37.1,363.7,82.13,59.49,6.58
Sylhet,2021-06,28.1,24.2,35.5,820.3,87.23,92.93,7.72
Sylhet,2021-07,28.77,25.1,36.2,776.9,86.76,96.24,7.73
Sylhet,2021-08,28.36,25.9,35.8,987.8,89.03,94.78,8.19
Sylhet,2021-09,29.54,24.9,35.9,265.1,82.47,80.76,6.22
Sylhet,2021-10,28.1,21.3,37.0,119.5,82.67,42.35,6.33
Sylhet,2021-11,23.05,14.9,31.4,0.0,74.29,18.38,5.85
Sylhet,2021-12,19.64,11.9,29.8,70.1,80.03,32.62,6.01
Sylhet,2022-01,17.92,9.2,27.1,43.4,81.09,33.39,5.47
Sylhet,2022-02,18.54,10.4,28.7,43.6,77.52,24.81,7.11
Sylhet,2022-03,24.57,14.9,34.4,78.5,75.6,26.57,7.45
Sylhet,2022-04,26.42,19.3,33.8,377.0,86.43,58.84,7.34
Sylhet,2022-05,27.1,21.7,34.8,621.0,85.2,65.69,6.96
Sylhet,2022-06,27.22,24.4,33.1,1129.3,91.1,97.62,7.96
Sylhet,2022-07,29.65,25.6,36.6,424.5,84.42,82.08,5.94
Sylhet,2022-08,29.9,25.7,36.5,277.7,83.19,80.27,6.25
Sylhet,2022-09,28.76,25.1,37.5,459.1,86.16,83.39,6.04
Sylhet,2022-10,27.06,19.8,35.1,237.0,83.83,49.5,6.89
Sylhet,2022-11,23.74,15.7,32.4,0.6,76.32,17.43,5.42
Sylhet,2022-12,20.15,12.0,30.5,5.8,79.95,25.35,5.68
Sylhet,2023-01,17.93,8.7,29.6,0.3,79.12,13.85,5.36
Sylhet,2023-02,21.32,12.2,30.4,17.7,74.59,17.15,6.31
Sylhet,2023-03,24.07,16.3,33.9,150.6,75.78,41.24,7.64
Sylhet,2023-04,26.89,19.3,36.0,145.0,75.27,37.44,7.27
Sylhet,2023-05,27.94,21.7,36.8,326.0,77.47,45.4,7.37
Sylhet,2023-06,28.07,22.7,35.5,799.5,88.13,79.25,7.2
Sylhet,2023-07,29.38,25.7,36.5,545.4,86.16,93.92,6.12
Sylhet,2023-08,28.69,25.4,37.5,1020.5,88.39,95.29,8.53
Sylhet,2023-09,29.75,25.0,37.3,375.1,83.72,84.92,6.69
Sylhet,2023-10,27.03,20.7,33.5,482.1,82.47,44.19,6.91
Sylhet,2023-11,23.98,16.6,33.6,115.5,76.92,24.9,6.37
Sylhet,2023-12,20.51,12.5,29.4,30.2,81.94,39.2,5.59
Sylhet,2024-01,16.97,10.6,25.7,0.5,83.86,25.93,4.94
Sylhet,2024-02,19.76,11.8,28.1,63.6,78.71,32.41,6.57
Sylhet,2024-03,23.09,13.5,32.3,105.1,76.53,34.74,7.23
Sylhet,2024-04,27.17,20.9,35.2,263.2,83.45,48.46,7.74
Sylhet,2024-05,27.92,20.3,38.7,687.9,82.78,58.14,9.29
Sylhet,2024-06,28.25,24.3,34.7,1312.8,89.68,88.41,7.85
Sylhet,2024-07,29.66,26.1,38.0,837.7,87.17,97.34,8.71
Sylhet,2024-08,28.51,25.5,36.0,1200.0,88.55,93.38,9.91
Sylhet,2024-09,29.95,25.1,38.0,272.1,83.18,84.97,6.91
Sylhet,2024-10,27.35,22.9,34.3,228.0,85.4,59.26,6.83
Sylhet,2024-11,24.13,16.1,32.3,7.2,76.42,21.93,6.36
Sylhet,2024-12,19.43,11.7,29.3,0.4,78.01,24.28,5.5
Sylhet,2025-01,18.78,12.6,28.1,10.3,80.75,25.75,5.64
Sylhet,2025-02,20.56,11.7,30.1,16.0,75.59,17.89,6.62
Sylhet,2025-03,24.11,14.7,34.3,76.1,74.74,23.27,6.99
Sylhet,2025-04,26.56,20.6,33.6,299.2,82.2,54.71,6.65
Sylhet,2025-05,27.48,22.1,35.4,569.4,84.76,66.07,8.68
Sylhet,2025-06,28.97,23.2,37.0,675.4,86.0,79.81,7.66
Sylhet,2025-07,29.26,25.4,36.6,786.0,86.14,94.16,9.05
Sylhet,2025-08,28.51,25.5,35.1,678.1,89.25,96.65,7.83
Sylhet,2025-09,29.27,25.5,37.5,554.6,86.35,85.98,6.03
Sylhet,2025-10,28.0,23.6,34.2,158.2,83.21,45.64,5.26
Sylhet,2025-11,23.74,15.2,32.6,41.9,78.67,22.17,5.9
Sylhet,2025-12,19.22,12.6,28.1,0.0,77.46,23.92,5.32
Sylhet,2026-01,16.41,12.6,22.5,0.0,86.38,10.5,3.45
